1606902	274908	8375857
1606717	101983	2578672
647356	93902	590588
458026	87550	557611
1774963	72321	611703
1774717	68753	530800
1775024	65542	605773
1774862	65347	612027
218438	62997	567195
1774594	60637	351993
1774505	60396	535415
1837210	57498	671017
1760350	56923	598644
1606574	56717	409108
1606609	54412	344723
1675399	50936	410346
1775011	45203	399399
1774595	44457	427908
1760388	39516	512052
1774684	37378	515256
713254	36970	377390
1760376	36415	411023
1774452	35776	370907
754522	34559	405436
1606610	32777	262534
2105598	32149	390063
727272	31260	260792
1760402	30396	377794
436442	29984	226623
1775044	29730	315101
1775025	29659	341606
1774713	29273	340424
1760401	28901	325535
713250	27627	221149
1419930	27123	277524
2188303	27002	360328
1775076	26954	347869
2105599	26157	271777
683822	24999	345909
694649	24975	257659
1606552	24185	199425
563514	22954	240542
1928678	22657	284195
1928655	22473	311866
682877	22172	237706
1775042	21909	240419
2105482	21810	243388
1774797	21418	364768
1774536	21336	265609
2393452	21258	295973
1760400	21100	229987
1774969	20319	270157
1954203	20213	296785
665932	19858	272079
2105603	19774	369432
441554	19133	269737
1774722	18993	215384
1775045	18934	157628
1774550	18920	249073
731434	18785	282594
1606608	18418	169414
1606596	18368	211750
1606607	18083	74277
1606515	18031	304918
731389	18010	192146
1760642	17714	235693
1774848	17335	343805
193952	17211	257903
1760403	17204	290642
1774502	16902	237977
2012081	16623	175974
1760338	16388	220024
562574	16383	164836
713240	15872	229161
1760320	15747	220636
2105561	15246	164964
1902321	15235	122876
2105484	14828	166585
1774613	14736	259149
1760398	14580	128870
1349990	14549	206787
1774816	14454	283232
713228	14395	206277
1870054	14353	91037
724489	14342	156936
713248	14319	199106
1774706	14169	307386
1774952	14091	240697
713229	13809	134031
1774520	13533	268907
1932882	13486	117082
1095970	13458	146360
1774718	13419	208332
930749	13352	108246
1774482	13162	179955
1774649	13088	225398
1760410	12746	157694
627961	12745	127747
1760353	12568	218099
2105489	12411	174762
1774687	12399	260382
592273	12365	205619
1774692	12040	276464
1760654	11843	259364
1606600	11797	116669
1774408	11545	79508
1774996	11395	106861
1760328	11232	75163
724706	11228	131041
1774539	11070	158630
1774957	11022	200427
1760399	11021	113666
290927	10939	199423
172508	10833	162847
1774972	10793	107358
1774463	10754	108516
428085	10583	126363
549649	10388	112970
338764	10328	137799
1760381	10069	160596
1775028	10050	81840
1774954	10029	145822
2335873	10014	201532
586592	9967	88480
824521	9907	138806
713225	9877	81184
300076	9837	177847
1774457	9817	151082
2105511	9658	76942
1775040	9638	165415
1774603	9630	203365
1775029	9449	73234
2105486	9381	125486
867199	9366	90484
1774705	9333	159500
2224167	9266	114221
1774789	9212	147074
2105465	9208	137709
1774509	9183	163851
1760377	9139	151459
2105514	9116	117892
2105349	8963	180063
2280082	8897	130460
1760327	8872	57212
922070	8811	72619
725379	8665	230772
1774683	8658	91636
1760356	8618	103558
504783	8568	114324
1774999	8434	109034
2105453	8414	100927
1774454	8378	94498
1774686	8364	154392
713260	8313	155382
778749	8244	163517
704241	8242	71153
1774960	8154	131122
725183	8048	121445
1774849	7923	55933
1606474	7901	179424
544479	7837	53591
859545	7809	40534
2105476	7481	120686
131665	7405	178479
1791518	7329	58150
713239	7299	63039
1775006	7243	97142
2105468	7095	58950
2105464	7068	93784
1774796	7063	120418
330571	7001	106805
1774532	6914	55957
1775001	6875	92533
1586439	6872	58804
1774967	6849	100397
549866	6846	62283
1108697	6793	77600
539162	6792	91660
2105515	6713	55882
1760405	6702	53780
1760360	6597	78426
646592	6482	61414
329662	6430	132207
1774453	6398	61667
721665	6290	63250
1774461	6274	62359
1774776	6190	85616
2287260	6053	103852
1774534	6033	70723
299289	5962	70496
623203	5949	61680
530619	5926	64286
1775003	5920	67147
1760396	5874	60820
709795	5804	61149
1760423	5763	79729
2105362	5730	86160
1606575	5699	72460
1606523	5657	71399
1760349	5573	54362
513098	5561	99192
628623	5534	56363
725380	5526	121032
741909	5476	64426
1774925	5346	144791
1775098	5310	115662
1774977	5305	39438
1774540	5274	50976
1213266	5272	127864
2105563	5205	50358
1638658	5200	146213
1774462	5191	52521
674753	5118	30778
1606688	5077	41742
1774708	5064	85492
426750	5064	57263
1774934	5008	88064
2105550	4948	94482
1774868	4868	101272
456253	4865	64074
1386531	4841	89823
713234	4829	55466
624922	4817	98203
1774707	4817	72349
1760362	4813	49515
2169800	4808	45621
1760386	4704	57685
529228	4689	73777
2105532	4682	49209
1774533	4600	55085
786313	4554	84193
291065	4540	43404
1775088	4526	45608
1775013	4514	39082
1760363	4500	51159
424477	4460	110900
1606592	4390	58905
572220	4376	98753
124938	4340	73099
124087	4334	66283
559957	4306	28622
727232	4283	44742
655550	4269	79053
1760432	4227	79433
2105597	4227	51725
2105575	4189	45269
135294	4136	69692
461710	4132	110430
1774641	4122	52095
520759	4122	35096
478929	4058	42776
1774599	4037	37389
1774616	3983	56499
640892	3957	49126
2335872	3940	85517
1774504	3933	73447
1606540	3907	57110
859175	3853	52587
1774464	3828	55570
1760326	3825	62868
1760308	3789	66942
531776	3776	71904
1331770	3771	87961
1774781	3769	33068
1774635	3725	86965
2105579	3716	46896
552675	3708	36541
431499	3702	63048
630683	3697	56941
1774799	3675	30666
1775014	3639	36954
1760367	3559	23867
1244528	3555	99930
753484	3547	56576
1774723	3542	26593
372259	3492	72755
713242	3479	34771
1774511	3473	63310
2008547	3464	69333
699215	3444	72542
2404454	3407	81644
798225	3395	66553
1760493	3391	81368
2105541	3385	48648
462104	3374	75575
594200	3369	30739
1784713	3346	35495
562882	3292	39101
1458847	3170	38779
2105512	3164	32754
493966	3158	36650
629574	3141	39142
1567096	3121	99994
724526	3121	36420
572238	3082	36843
1760301	3079	96834
713251	3069	41284
332673	3051	72494
723577	3051	53089
647225	3035	23681
741521	3027	25079
1950713	3018	78524
693635	3018	60670
1494039	3000	68357
173758	2986	42024
1774909	2963	64967
521169	2963	53013
2105722	2945	78389
1606595	2933	60983
1606606	2904	36440
725387	2869	69202
561053	2855	76244
687441	2838	34103
713299	2825	26043
1774458	2823	33225
760113	2818	89281
2105458	2805	47718
1774617	2804	83687
621735	2801	28046
1394821	2790	64522
662040	2789	20462
1505267	2724	70613
1774446	2636	40569
2105529	2626	18408
703278	2624	27143
447661	2621	78420
1774946	2617	71862
1928748	2614	38208
1760361	2562	17536
1606525	2547	86034
2105547	2535	32260
725889	2525	20401
725304	2518	31219
1774589	2503	44493
1259766	2493	48990
713322	2489	41151
163267	2482	28612
969219	2480	57761
726949	2461	18001
1774712	2440	30071
140050	2438	73055
753482	2438	38099
725238	2435	60533
1774839	2407	51163
1606559	2404	37887
758083	2404	25672
401062	2390	22893
713211	2381	58659
2105480	2367	20835
2105455	2364	52051
746824	2346	34580
493796	2346	30141
533506	2338	45188
2018059	2328	26361
1774636	2321	46535
651131	2302	49897
1774753	2293	25538
728408	2271	68536
374244	2271	56622
651589	2252	20127
1606599	2245	12020
1760373	2240	27105
577590	2221	38536
1023543	2215	60136
1774522	2209	59252
1231352	2206	66158
1774844	2205	38478
577322	2189	40195
536451	2162	21519
631794	2158	37800
837776	2139	17964
1760392	2135	18777
514413	2126	21755
1775009	2101	19667
1086517	2100	59397
670442	2098	71413
1774584	2096	20460
713219	2093	37231
1774633	2090	43547
713227	2087	35986
1774793	2074	32308
932098	2054	18521
828384	2047	34193
2013565	2039	65909
1928687	2039	35946
1760422	2020	25229
713291	2018	45792
441411	1994	25241
192956	1990	30571
2105784	1977	53259
1760354	1970	28124
1775089	1970	13207
908591	1961	19639
879962	1960	31302
127164	1959	28291
1774677	1952	39722
356904	1948	14464
436056	1939	37024
577332	1938	34168
715470	1931	16316
1775057	1929	46604
577316	1900	34212
1774923	1898	31384
189426	1893	41065
1334793	1880	52563
713290	1874	24343
516110	1853	60693
725261	1837	29318
576379	1836	17918
472999	1830	51448
167614	1830	23180
2105583	1813	21810
1774787	1804	12732
927900	1803	27733
655775	1799	15642
631206	1794	17526
346092	1783	45552
800789	1772	19761
175362	1768	21351
696419	1758	17876
249736	1749	21508
421653	1745	15449
915373	1733	52003
1774570	1718	50273
794490	1718	20657
2105542	1715	18099
2105569	1713	14980
452661	1710	33214
1928741	1706	29214
480678	1704	26667
1606638	1679	42029
1928728	1678	22812
1774507	1665	42554
2163868	1646	35719
403259	1644	29451
1760366	1637	19760
1775049	1630	30776
741681	1621	38249
1774455	1611	18516
2260782	1607	10924
1606590	1599	39459
2010338	1590	17597
760956	1587	27877
288767	1587	25934
1774814	1582	21377
365294	1580	35081
1325054	1580	10379
2167615	1577	13180
1746244	1571	42456
544276	1553	18858
569731	1543	20753
692473	1542	21210
713244	1537	31122
2172762	1536	24964
532897	1531	18249
2105777	1527	19297
1334555	1523	44926
1774780	1522	13980
622503	1522	11864
2105588	1518	23727
762768	1504	29277
2105595	1502	33140
2105466	1499	14821
713326	1495	35392
1909413	1486	33058
1760617	1485	43900
723114	1475	43955
131337	1473	33250
401397	1450	30658
1551237	1449	26000
1774615	1440	17959
150104	1432	37463
372323	1429	44080
1774503	1424	38012
1774638	1422	28515
1004622	1417	31247
1760427	1413	16413
1774959	1413	10094
1774588	1408	20880
2105786	1405	27283
1760337	1402	15623
269465	1389	40086
1314490	1381	30107
713279	1381	25160
1928727	1376	27452
229937	1370	18634
524653	1360	13898
1774471	1339	8695
122444	1337	17278
100337	1327	14411
1704256	1314	38113
1774800	1314	11104
2335877	1308	34985
699171	1303	20621
1774587	1299	10991
608014	1290	20426
1928692	1288	28752
1774585	1285	10085
2339549	1282	33426
2078521	1271	8483
879238	1263	36756
1928675	1261	13582
1928671	1255	15841
2105590	1254	8986
713325	1250	23230
372496	1245	18719
1775002	1245	12759
754887	1244	31388
233300	1238	28650
713310	1234	30600
1775087	1234	8379
762474	1232	25997
1774591	1229	18448
1775000	1225	13553
1349806	1221	35353
516756	1211	20431
556841	1207	11412
208889	1204	21628
725403	1198	20894
2105559	1193	23953
1928749	1185	18002
491696	1175	18401
277695	1173	15539
755157	1171	10060
1774822	1165	25844
561079	1162	10333
743511	1161	31443
324861	1161	30429
2105426	1160	42117
725383	1150	33369
107016	1146	6696
343522	1142	22094
588271	1141	28782
1774929	1141	26948
286102	1140	13918
713224	1138	19271
758379	1129	24268
1774466	1129	12669
1774568	1124	8260
2105580	1120	12290
303060	1119	18588
735033	1107	29479
1774755	1101	34924
727128	1099	29786
1774757	1099	24559
2072200	1092	15308
1171991	1090	11854
1672667	1090	11726
1774734	1087	30274
987363	1084	25720
1775043	1073	12570
1774527	1066	7323
2105467	1064	7878
727324	1054	13897
1774535	1041	14409
603545	1040	8646
2381467	1037	11516
1760406	1033	11633
1260296	1014	10679
402636	1010	26065
713282	1010	25109
2105502	1010	12098
665889	1010	8284
459657	1002	14274
1774506	1000	28967
2143723	998	12495
1072737	991	18329
1760378	991	4121
140394	990	17009
662960	986	22798
443650	986	8993
552511	985	10705
2117779	982	12050
729772	978	17770
1760430	974	9789
633220	973	13121
1356507	972	28893
1121038	970	11453
1054968	967	21018
1774386	963	10888
1606687	950	18173
1760618	946	19370
1775005	939	8542
684037	937	29001
1774675	931	9095
231865	916	22352
1774998	916	7955
520729	914	25324
1830150	909	13347
713277	908	22532
1775084	906	22357
2310905	903	29575
1908887	903	6026
1774469	902	6149
1928724	898	20145
250533	891	19570
1774701	890	28434
612657	888	7068
1775051	887	18352
2105591	883	11482
2126646	881	10117
2262920	881	9946
2229827	876	10005
405177	875	14165
1760429	873	16427
1760379	870	8193
475571	870	6366
1249277	866	7100
505220	865	18894
1774580	855	23939
272326	849	19112
2105503	847	9819
1774412	847	7391
424464	841	14532
1341347	841	7844
638564	839	6887
522289	837	6971
1774962	834	5297
560942	824	8474
1775018	822	11548
618846	822	8604
1774973	817	3623
2105562	816	23811
1760371	811	9207
1606557	810	13863
1861429	807	22061
494864	807	7780
1760425	805	7761
783463	804	27483
626589	800	10861
1760302	792	22110
713297	791	9099
143756	790	9909
1774484	788	21598
1562118	787	7936
714771	783	7444
1606693	781	14184
788396	779	8565
261934	778	23449
374076	778	15696
142372	777	12852
575662	777	10130
1928690	777	6943
1812003	776	17025
437017	774	15773
364911	774	8416
1774600	771	17289
176061	771	11423
553607	770	8267
710085	770	6082
645113	769	13755
2179876	763	13843
736167	761	29312
1774450	761	8160
703855	755	15239
461938	754	9349
1774867	748	10708
1774495	747	18407
131204	740	13523
713281	738	8883
1775077	737	6753
2076876	736	8154
2105517	734	14277
1072738	732	9313
1774798	732	7824
1774726	729	9810
506181	722	12920
2105573	722	7897
507678	721	10995
1774940	716	14478
919804	716	5519
430065	712	11053
1235762	709	14496
1295886	709	3462
1774721	706	7247
1774515	704	9089
1760344	702	11055
576489	702	4738
1182854	701	5643
1760385	701	5456
258300	700	9459
927000	700	6847
1774938	698	12622
713252	698	9743
2208950	691	24171
687359	688	19357
358887	688	13674
822287	687	6930
1774444	684	7351
574645	683	17439
303382	683	17435
665875	681	6599
2352560	677	8077
683679	676	10557
889294	674	6547
1835624	674	5827
681085	673	25184
1928740	670	12388
692530	669	19419
1774565	669	6534
1774851	669	4761
577155	668	11182
1774783	668	5348
713165	663	21903
1775023	661	9477
514598	661	4953
118180	660	5713
851288	657	16849
639313	657	8584
425975	656	10165
1774852	656	7899
690000	656	4962
1760307	654	17392
777033	653	12175
382369	652	4998
1760420	649	9063
622755	649	7367
157971	647	10027
2105585	644	6254
2228153	644	5208
1775058	641	8284
713328	640	20835
1040084	635	6939
646139	634	14868
340181	628	7492
233290	622	18372
1839118	621	9944
562543	621	7200
1774856	618	7150
567505	616	7081
1446637	611	15422
833139	610	9364
2261460	608	5211
2105326	602	16058
526222	600	8058
713233	600	7082
1774878	599	6518
132782	598	7058
1774682	598	6154
2105523	597	5641
1774681	596	5989
1606900	595	17468
2105473	590	5186
451560	588	9787
987322	586	18071
655717	586	6979
1774941	583	19636
1774936	582	10099
754273	579	11329
1774410	578	5488
753420	575	4659
1774418	574	4714
1774965	573	5284
224714	565	10074
1774790	564	8698
1188297	564	7629
2105582	564	6268
626416	560	8750
1003218	559	6660
1774614	557	11097
576418	557	3512
1606565	554	7362
2238941	552	6320
575479	551	6672
2158259	550	4843
894062	549	3847
422261	548	7493
665939	548	6081
1044918	544	5536
1146581	543	5990
531753	542	7567
563507	540	6666
639806	539	13151
2105544	539	5732
1760364	536	5203
1794635	535	4848
789890	534	7021
1760686	534	4912
230578	533	6949
137794	532	9483
2099265	531	5693
502744	529	22651
665576	529	6757
713257	529	5082
1774492	527	6205
142418	526	9857
505639	524	6299
1774414	524	4372
1774562	523	5156
358513	520	12645
701886	519	4865
562600	515	6926
1774566	512	5988
1775026	512	5302
738527	510	8221
266404	508	13240
1774586	508	4263
725373	507	13861
2105356	505	4199
312101	503	7665
159917	501	11198
626944	501	5676
1655644	499	4535
1775022	498	6854
1774494	498	6354
788459	498	4895
2105620	496	7381
687598	494	6562
1760395	493	4588
499983	490	10225
1606743	488	12506
586318	488	6167
694589	487	6102
416654	486	4817
725179	485	5229
1774883	484	4700
535240	482	4044
456956	481	6836
2197524	481	3894
827735	478	9419
1834460	478	6100
1561596	477	3928
1775061	475	4688
1044975	470	15723
442085	470	14244
729376	470	7122
639440	467	4811
540920	466	9428
361221	465	7746
1774456	460	5676
755398	459	17242
1091528	458	10544
226929	457	9709
2105483	455	7996
450517	454	6364
713247	453	12509
112125	453	12216
713265	452	7134
1774813	451	5442
959822	451	2723
1774937	451	2637
194258	448	9216
693330	447	5706
1774710	447	5192
1649853	441	4562
643120	438	4898
231055	438	3830
639997	432	9641
2241424	431	13199
675802	429	5200
1774913	428	4816
1774924	425	4812
528007	424	8333
1774950	423	3431
472461	422	10869
732342	421	11644
229993	420	7255
795496	420	4383
1868719	419	5906
319774	417	9581
529918	416	9509
1415599	415	10149
1606554	415	6087
754316	412	5014
613748	412	3552
127490	411	7653
1774823	410	3612
1302771	408	4425
1775102	407	8651
1760323	405	8747
460666	405	5395
1774546	405	4353
1774847	403	3924
1869430	399	6597
1774525	399	4198
573423	397	3270
1606681	396	12743
957391	396	3991
1774930	395	10245
665854	394	6074
731992	393	4934
1077599	393	3623
1774497	393	3372
466889	392	9958
559088	392	5732
337862	392	5148
1775105	391	6018
865318	391	5400
1760368	391	5098
1654254	388	2586
2105507	386	6511
491557	386	2618
1774958	385	4307
1774770	384	3208
1437896	382	4932
1874277	381	3585
1774449	380	5137
726963	379	6033
387750	376	4728
2420902	375	12853
1637775	373	4529
2105570	373	4288
1774880	373	3957
318772	371	7292
1774795	371	3203
1774729	370	3351
2066856	369	5309
1452772	368	4211
463700	367	5961
1290320	367	4095
725237	366	11101
844187	365	4171
444058	364	3824
1290645	362	6363
1928732	362	6020
331320	361	9523
758224	361	9151
1774758	361	3616
555749	361	2948
875014	357	7051
953005	357	5633
2105504	357	3955
387646	357	3923
1475400	356	4121
2105781	355	5756
1972159	355	2912
897045	353	4087
982458	353	3924
2105496	353	3094
1774766	352	1230
1681404	351	3522
2105501	350	5898
1760387	348	3103
724644	346	3572
421065	342	5052
594339	342	2626
257099	341	6313
1622139	341	5378
2105719	341	3591
715644	340	5606
645385	340	4473
725371	339	9932
640917	336	1906
729311	334	7567
782857	334	6965
573462	334	4796
1774380	333	3688
955520	332	5174
713166	331	3908
1774670	330	2300
1774966	328	3956
1908524	327	4034
705158	327	3867
824011	322	4587
1774762	321	3025
225500	320	3989
1606689	320	3829
694110	318	4613
1208274	318	4104
2018604	316	3486
2022928	316	2605
2105336	315	1795
1760390	313	4587
160910	313	4151
1774853	313	2176
621444	312	6720
1774678	312	3682
2134074	312	2210
1774436	311	2317
692306	310	1652
519049	309	2681
2105390	309	2514
2215395	305	3680
727204	302	4179
1482735	302	3815
1197038	302	3329
1475806	302	3058
189736	301	7066
859284	299	4735
725236	299	3952
131499	298	3473
1478573	298	2943
1774438	297	3039
1606597	297	3028
197532	296	4004
2105555	294	5258
1489419	292	7784
545485	292	6413
542280	292	4794
572691	291	7357
987446	291	5007
744976	291	3719
2105540	290	4570
1836755	290	2228
1774606	289	3008
100137	288	2232
1775078	287	2259
669787	285	6388
549664	284	11326
730986	284	4160
2105531	284	3871
1774371	283	3559
631498	282	3451
725374	281	6683
263319	281	5445
470739	281	3568
1774672	281	1682
782261	280	3041
1775085	280	2741
1893518	279	5125
1606472	278	7200
1095235	278	5150
1928753	278	4563
1774523	278	3506
2105509	277	3166
382132	277	2042
1141533	276	4949
593699	276	3880
713315	275	4444
1774618	275	2559
656631	274	4453
1775063	274	2664
1774423	273	2980
1774427	272	2194
1221418	270	3717
1289160	269	3558
2205442	269	3085
636722	268	7669
760925	268	4117
630111	268	3904
755360	268	2723
618225	268	2433
1774424	268	2311
378617	265	7977
1774861	265	3186
1774530	264	3270
1774922	264	2780
713249	263	4202
1774575	263	2668
778176	262	3132
1775047	262	2778
1774578	262	2640
1928689	262	2484
622074	261	4410
1774413	259	1891
1928746	256	3103
1146123	256	2783
875506	255	2778
1774767	255	2484
1775021	254	2820
1760372	254	2439
2335878	253	5741
1774809	252	3350
678551	252	3084
937965	252	2378
1774632	252	2073
362792	251	3832
1774369	251	2156
1032844	250	2759
605716	248	4887
556944	248	4110
689895	247	7453
714671	247	4452
1928730	247	3075
2338682	245	4008
1088615	245	2893
2314251	245	2182
1775038	244	3370
2407209	244	3230
468757	243	5133
2262250	243	3561
689969	243	2957
2105629	243	2060
2260864	242	3905
441297	242	3497
576049	242	2673
1775062	242	1698
2105495	241	3543
515219	240	7084
560438	240	1836
398936	239	1858
935692	238	2108
567450	237	4803
2105335	236	6915
237615	236	3425
1774694	236	2315
713223	234	6132
1774990	233	3987
1400761	233	2671
713255	232	3635
745611	232	3117
285784	231	1149
763482	230	3340
2105546	229	4308
647692	229	3682
1812895	229	1903
713303	228	3223
725395	228	3203
1774593	227	3043
1775033	226	3079
1606573	226	3052
1774773	225	2229
1774786	225	1433
2105572	224	4018
2184425	224	3140
1606588	224	3068
225455	224	2758
359655	224	2418
1847735	224	2196
698999	224	1939
1606619	223	4886
705136	223	3844
2105518	223	3337
913707	223	2827
2185145	223	1695
586470	222	3551
1689618	222	2816
1774601	222	2358
732012	221	8139
1606576	221	3868
2022076	221	2269
760929	220	4619
1928723	220	3111
2043157	219	4490
1825061	219	4239
2388663	219	3013
2005071	219	1616
516096	218	3607
1072675	218	2631
1047585	218	2463
725234	217	2052
1787538	217	1344
1774772	216	2869
850803	215	5489
713220	215	3260
1618429	215	2873
1140021	215	2304
582557	214	9386
713276	214	4827
519698	214	4169
1774529	214	1546
1760347	213	4352
333588	213	2981
1774434	213	2820
651497	213	2814
2191024	213	1781
1774496	212	5261
565142	211	5171
167746	211	4119
1775054	211	2368
698886	210	3935
2105778	210	3826
225526	209	1357
1928737	208	3423
387611	208	3240
1865584	208	2525
1774659	208	1926
713324	207	5886
2012337	207	3964
1847510	207	2649
179542	206	2922
1760355	205	4820
698823	205	1864
1774968	203	1447
549765	202	3880
2105600	202	3170
791724	201	2943
1775027	200	5030
2046587	200	2561
776201	199	7903
338264	199	6316
1774761	199	3953
727322	199	3904
763886	199	3004
1709561	199	2869
1374348	199	1672
1785544	199	1335
343535	198	6566
567355	198	4633
938533	198	2118
1878989	195	3692
813911	195	1883
1775070	195	1191
565144	194	5292
2105537	194	3662
243683	194	3122
713304	193	3669
2105525	193	3199
1774916	193	1705
1471342	193	1255
775132	192	4721
1149358	192	4633
1774598	192	3261
1052381	192	2352
2233715	192	2305
1774597	191	3107
1760294	191	2408
1760494	191	1603
1774703	191	1517
362483	190	4531
1760415	190	4407
1774437	190	2004
1412065	190	1655
864934	190	1455
2105571	189	3210
599767	189	2499
316231	188	3625
561043	188	3038
2105630	188	1616
758092	188	1231
1892470	187	2223
1420529	187	1725
638671	186	6598
1774719	186	3597
512202	186	3250
713237	186	3225
713293	186	3143
1774374	186	1901
1654107	185	2211
924642	185	2120
579997	184	3104
1774886	184	2609
669908	183	3223
2105481	182	3111
1669411	182	2648
2206687	182	2427
323460	181	4767
1774730	181	4285
2105581	181	4275
1928726	181	3450
254355	181	3060
695387	181	3006
2105493	181	2933
373065	181	2578
1774489	181	2291
474712	180	4206
151656	180	3616
626986	180	3139
1775008	179	3376
2105753	178	4559
1064275	178	3585
1390005	178	3423
376690	178	2541
2105333	178	2422
724447	177	3100
1774479	177	2934
1760359	176	3739
2105587	176	3222
312685	176	1040
522328	175	3107
1775059	174	4393
2105554	174	4212
713264	174	3276
699195	174	3179
586204	173	3606
1774548	173	3109
464027	173	3036
1279449	173	1785
104761	172	5857
641856	172	3146
558691	172	1385
2031591	172	1383
725399	171	3376
1775007	171	3178
1804909	170	4735
625588	170	3112
272028	170	2370
725232	170	1987
759501	169	4534
572076	169	3423
563116	169	3208
1928725	169	3070
649625	168	3161
430166	168	2725
461898	168	2327
2335874	168	2129
1774625	168	1832
1606589	167	3659
1774771	167	1934
1774778	167	1675
1669776	166	4063
1429646	166	1993
1774516	166	1671
2105423	166	1571
508633	166	1054
1760428	165	3297
754272	165	3151
1410462	165	2364
650985	165	2348
1065238	165	2004
1774425	165	1599
1774810	165	1063
1928743	164	3248
657079	164	3207
1760437	164	2677
1222740	164	1676
1774430	164	1447
727262	164	918
1688917	163	3138
1760383	162	3670
2105530	162	3370
1606536	162	2795
1774953	162	2103
1122860	162	1953
2066818	162	1749
1800720	162	1399
517200	161	3771
713226	160	4014
1559824	160	3724
762850	160	3335
1774989	160	3247
435849	160	2965
1842086	160	1864
477883	160	1862
1506470	160	1598
1502767	160	1563
1774939	160	1409
520428	159	2229
1044909	159	2119
1164346	159	1480
645063	159	1128
2105592	158	3889
1314332	158	3865
1928744	158	3370
658251	158	2825
176178	158	2510
1901075	158	2162
1757800	158	1451
1774777	158	983
1773329	157	2793
1760324	157	1583
1774808	157	988
713278	156	5780
1985405	156	3570
1774542	156	2440
1046191	156	1661
492455	155	1890
2158985	155	1735
711987	154	3796
878001	154	1598
1760358	153	4763
1775016	153	3394
344496	153	2107
552397	153	2016
1928747	152	3300
1354929	152	1620
2200029	151	4080
713236	151	3282
713232	151	3202
519650	151	2205
1760296	151	1817
354278	151	1407
1079057	151	1317
567389	150	3633
2105506	150	3374
1453556	149	3326
644418	149	2198
2343890	149	2005
925715	149	2000
1774519	149	1430
2278281	148	3414
2066041	148	2261
2105351	148	1849
1760321	148	1237
1760391	147	3391
725177	147	3198
594696	147	2722
2161454	147	2204
265370	146	3766
2105602	146	3554
1583721	146	3293
713314	146	3151
287062	146	1756
888386	146	1501
1774480	146	1474
2372139	146	1215
683069	145	5469
655652	145	5188
1606613	145	3982
769385	145	3691
1087325	145	1989
2263135	145	1948
727127	144	3425
510737	144	2739
789134	144	2535
665254	144	2227
2105370	144	2103
1760426	143	3881
713222	143	3205
1231353	143	2289
1345396	143	1603
859531	142	3748
607100	142	3265
1774987	142	1624
2105415	142	741
947948	141	3968
647507	141	3247
577858	141	2420
490106	141	2136
1322620	141	1345
1928734	140	3206
742423	140	2168
784685	140	1321
552672	140	1225
809847	139	3629
520267	139	2799
668885	139	2043
710168	139	1999
1928745	138	3353
1774592	138	3214
743869	138	2271
2281274	138	1805
1928698	138	612
762336	137	3318
1046886	137	3238
1774514	137	801
1175313	136	3418
762482	136	3370
713294	136	3187
653808	136	1134
725400	135	3302
1606598	135	3294
2027651	135	3161
1654224	135	1213
1327020	134	2929
507177	134	2606
2303329	134	1720
1606460	133	3468
1606572	133	3311
536237	133	2515
1774691	133	2354
1421380	133	1008
558822	132	2657
389281	132	2389
1851792	132	2346
103529	132	1433
2105527	132	1260
205493	131	3772
2105499	131	3254
1961810	131	3220
777229	131	1788
676825	131	1658
1441743	131	1585
1775030	131	1384
1602506	131	1340
2420500	131	1209
2150695	130	3354
552583	130	3147
1760357	130	3067
1774621	130	1935
1441499	130	1639
2341306	130	1380
713275	129	3178
713287	129	3162
1376857	129	2207
743363	129	2104
1001726	129	1927
347677	129	1830
498944	129	1327
628560	128	3183
626955	128	2143
664176	128	2099
1470580	128	1668
454925	128	1323
1775020	127	3657
597998	127	2792
673118	127	2420
754309	126	2936
630525	126	2742
1719255	126	2374
1221530	126	2369
509331	126	2264
1760369	125	3343
2080321	125	2085
515985	125	1850
914379	125	1633
1919183	125	1279
1774440	125	1127
1774859	125	833
1774395	124	3602
2105566	124	3285
1834387	124	2064
1774388	124	1977
1284910	124	1780
2161566	124	1532
2243803	124	1085
2105487	123	4025
713269	123	3695
2105538	123	3349
1021144	123	2096
2243283	123	2039
713258	122	3244
1928731	122	3181
619787	122	1987
1207188	122	1884
1373122	122	1809
687526	122	1706
713221	121	3362
1142387	121	2036
942817	121	2026
231691	121	1939
996169	121	1721
1811215	121	1692
1774629	121	1508
404932	121	924
431489	121	612
613152	120	4991
312053	120	3535
850923	120	3311
1606615	120	3225
311757	120	1802
420590	120	558
1821953	119	3602
1794320	119	3377
2056921	119	3363
1774465	119	3243
1606587	119	3206
539799	119	3128
1775035	119	3089
362639	119	1623
133491	118	3282
879953	118	1790
1774639	118	1719
621097	118	1687
2105357	118	1634
265291	118	1546
1680742	118	1153
1349770	118	1116
608623	117	3220
1606690	117	3191
1025952	117	2310
1774764	117	2235
483152	117	2099
548909	117	2024
1475309	117	1881
560309	117	585
1218350	116	2924
1658265	116	2486
2197154	116	1831
2322357	116	1644
1829326	116	1029
1774370	116	885
731734	116	413
1606564	115	3322
1760389	115	3268
368974	115	2498
1141882	115	1747
1235427	115	1390
1298039	115	1258
1774745	115	1238
173266	115	965
1163523	114	3959
490624	114	1996
2067862	114	1236
586851	114	952
1928739	113	3399
1837971	113	2290
244731	113	2137
558687	113	2088
1072736	113	1528
2105395	113	1444
1830513	113	1246
2105750	113	971
713217	113	595
713262	112	3685
1606691	112	3267
768581	112	2077
988039	112	1818
1774498	112	1712
2120480	112	1442
444336	112	1378
563008	112	1060
1003838	112	778
867452	111	3301
588173	111	3181
194575	111	2357
329517	111	2319
730060	111	2060
2247909	111	1509
697103	110	4271
1760419	110	3051
2156115	110	1950
821945	110	1830
687512	109	1752
557980	109	1492
2383396	109	1378
680401	109	1003
1928712	109	580
515530	108	3285
725402	108	3256
310953	108	2602
1775060	108	2312
1774571	108	954
241716	107	3356
1292391	107	2850
176983	107	2194
2121138	107	1780
711805	107	1508
1534013	107	1025
541202	106	3849
713307	106	3183
242059	106	2361
1774422	106	2034
2105780	106	2001
103653	106	1773
638798	106	1759
1453322	106	1592
404990	106	1257
2054536	106	700
2105477	105	3173
2105552	105	3155
594082	105	2549
441320	105	1725
632290	105	1494
713253	104	3445
577334	104	3253
532282	104	1896
665838	104	1618
1774442	104	1069
189385	103	1899
1901189	103	1290
881064	102	3524
1775041	102	3195
2345718	102	1505
2105391	102	1317
2105574	101	3591
713305	101	3207
1078950	101	1883
694238	101	1875
1119828	101	1134
133006	101	1072
841660	101	1059
704739	101	461
725401	100	3288
1774596	100	3282
156207	100	1938
1329297	100	1620
1148258	100	1065
821719	100	894
719983	100	887
1838586	100	665
1774674	100	514
2105536	99	3942
649731	99	3524
1606603	99	3238
620603	99	2032
1774782	99	1795
562936	99	1744
184718	99	1659
1107800	99	1517
966041	99	1349
1261119	99	1302
1760374	99	996
2105510	98	3172
922178	98	1691
817708	98	1594
557803	98	1464
1774961	98	1357
2198243	98	897
762787	97	3193
1659859	97	2676
192469	97	2243
759626	97	1616
446568	97	1433
1072776	97	1229
1162888	97	1166
1427915	97	820
1383850	97	765
1774910	97	743
1774874	97	606
1774812	97	551
314928	96	3211
732431	96	3186
2105745	96	2845
788683	96	1916
682884	96	1555
2388422	96	851
2198851	96	808
351709	95	4085
1427983	95	3559
713246	95	3346
713270	95	3169
713169	95	2301
306022	95	1964
1774486	95	1630
533893	95	1408
1528881	95	1253
1775092	95	996
2082516	95	959
550198	95	876
1869207	95	741
1606620	94	3325
1606680	94	3249
558017	94	3194
618905	94	2270
725641	94	2008
2364251	94	1893
833346	94	1730
559733	94	1580
1772487	94	1465
2105586	93	3441
766110	93	3374
1760411	93	3255
570417	93	3212
600222	93	2961
558718	93	1829
120002	93	1762
612658	93	1657
1338018	93	1617
1774406	93	1360
2044433	93	1220
1351469	93	924
2105584	92	3897
1606602	92	3271
1760416	92	2881
2181774	92	2009
519699	92	1982
1081914	92	1873
724603	92	1662
1835987	92	1530
701583	92	1444
723537	92	1224
1088431	92	1157
2377105	92	715
1447020	91	2352
1923351	91	1346
1066051	91	866
1774624	91	829
1760404	90	3539
665213	90	2081
2105782	90	1978
100269	90	1610
2080552	90	1358
189763	90	1341
2105378	90	875
1774439	90	832
1774725	90	787
719664	89	1655
110070	89	1586
393829	89	1423
1775071	89	1385
1774949	89	1208
1774857	89	1134
799408	89	1104
810276	89	1015
952842	89	993
725252	89	588
1780712	88	1292
725231	88	1057
573384	88	658
1774628	87	1764
552409	87	1262
870756	87	1138
1872256	87	1038
884203	87	728
987856	87	727
773575	86	3074
1082297	86	2033
2252678	86	1020
1774754	86	925
1774845	86	739
542657	86	565
624512	85	3601
461700	85	2791
621623	85	1524
543834	85	1485
665303	85	1304
1774893	85	1093
282857	85	1084
1774622	85	1058
731717	85	908
741556	85	879
1248519	85	695
703718	85	666
2120677	85	536
725188	84	3628
1606618	84	3427
2105551	84	3306
145749	84	2399
625459	84	1765
1774906	84	1721
316302	84	1701
352203	84	1574
175078	84	1009
972657	84	969
2105385	84	849
1867996	84	613
1774935	84	604
727184	83	3512
1928735	83	3195
1476482	83	1488
742062	83	1415
2024247	83	1233
1774671	83	1102
1774416	83	1102
1760382	82	3318
513093	82	3235
1774394	82	1777
2387035	82	1550
699161	82	1415
623367	82	1237
322386	82	969
1774976	82	796
1400149	81	3044
1109293	81	1753
547586	81	1635
570431	81	1580
1774688	81	1352
709527	81	1124
741272	81	945
527956	81	880
2335869	81	281
431807	80	4170
1606581	80	3310
1774765	80	1681
1774610	80	1277
1137554	80	1172
1178180	80	991
1774382	80	949
2263934	80	886
2105410	80	841
713327	80	821
1284469	79	3252
1606604	79	3251
453961	79	2031
1774918	79	1639
593262	79	1179
1928733	78	3308
631840	78	2260
584236	78	1866
1760300	78	1682
667406	78	1580
724501	78	1446
946883	78	1420
713259	77	3794
550009	77	3288
114084	77	1500
490670	77	1238
706371	77	795
1774895	77	708
1792564	76	1635
1774365	76	1625
2181552	76	1612
407962	76	1584
318642	76	1079
1343945	76	970
591039	76	970
713561	76	939
1043874	76	922
2032424	76	740
727210	76	710
643213	76	663
1019789	75	4289
1606561	75	3317
1760412	75	3314
876958	75	3283
1928738	75	3230
755990	75	2093
471430	75	1390
1774801	75	918
618895	75	854
1177245	75	687
716216	75	521
1928729	74	3304
437160	74	1596
1760304	74	1577
645304	74	1428
2184157	74	1370
1026784	74	1099
1912436	74	861
727120	74	776
2105764	74	746
1774863	74	499
1606612	73	3495
653955	73	1316
2250543	73	1161
1775048	73	1152
1774876	73	1150
562562	73	1116
1119919	73	1073
1517131	73	1070
690378	73	1052
253038	73	1050
550905	73	378
2105593	72	3569
2105488	72	3271
1760413	72	3199
1774679	72	1603
1346480	72	1523
2022080	72	1521
1834318	72	1490
1773841	72	1334
1774521	72	1203
1774637	72	1101
1709121	72	902
398786	72	685
1967817	72	654
572485	72	497
546036	71	4845
548917	71	3560
1214077	71	3430
2105565	71	3282
1606556	71	3244
1058425	71	3212
656696	71	2133
630944	71	1458
774751	71	1404
725158	71	1098
642089	71	970
994356	71	882
1774689	71	793
1774384	71	769
1602538	71	685
564544	71	616
1950859	71	603
1774567	71	566
1760418	70	3185
1928742	70	3182
1997850	70	1181
657519	70	1126
2120151	70	1089
2137961	70	1084
1459353	70	893
1841816	70	713
2229373	70	657
1379970	70	607
1774631	70	586
902506	69	4071
1774537	69	2006
370670	69	1674
1790808	69	1493
1928656	69	1155
1774927	69	898
1950325	69	779
1072695	69	736
1774576	69	530
694398	69	456
1760393	68	3443
1606497	68	3386
510375	68	1346
629882	68	1165
2066046	68	1014
1886126	68	946
1605016	68	858
1644879	68	746
1479412	68	726
1640502	68	682
849491	68	681
557976	68	628
1263053	68	589
725242	68	584
458064	67	3248
1760384	67	3213
117239	67	1666
1436229	67	1410
1774835	67	1376
1647170	67	1356
1123627	67	1137
1089598	67	1013
2355950	67	997
731361	67	903
1114553	67	879
1775904	67	750
753432	66	3376
713268	66	3353
1476585	66	3336
540652	66	3287
818987	66	3229
1760345	66	3192
1774759	66	1773
157588	66	1440
554793	66	1302
1109083	66	1216
499412	66	876
1354230	66	798
1774984	66	729
680025	66	706
1774805	66	596
725244	66	522
1606553	65	3315
1606566	65	3248
1760414	65	3206
1686388	65	1247
725377	65	1057
1774487	65	1054
1610815	65	962
2229516	65	931
1012969	65	910
1412970	65	817
865711	65	749
1909345	65	741
1774626	65	604
725235	65	571
1083608	65	552
2105576	64	3343
1606676	64	3291
1376008	64	1484
753154	64	1178
2105758	64	1159
280998	64	1130
2394318	64	922
1760683	64	917
1774756	64	783
1532438	64	644
804423	64	437
2105535	63	3543
1313019	63	3240
1876172	63	1357
1847527	63	1060
581318	63	1057
235385	63	915
2045836	63	898
499033	63	867
799129	63	831
2245126	63	824
1774627	63	647
1532330	63	554
837586	62	3651
691628	62	3640
2105485	62	3355
1760397	62	3192
1774803	62	1368
1233359	62	1342
1307937	62	1285
421037	62	1187
1676784	62	1183
557954	62	1179
699540	62	1027
100260	62	999
2044311	62	801
1774389	62	801
1774630	62	691
783981	62	545
1893525	62	544
1775056	62	482
1760380	61	3376
823650	61	3364
1606593	61	3360
1126437	61	3234
1894328	61	2158
1877717	61	1905
1039544	61	1097
1774900	61	905
744227	61	732
534022	61	718
1909050	61	706
508403	61	668
1760449	61	659
661017	61	635
859217	61	593
276121	61	570
1745563	61	548
2105564	60	3508
1606611	60	3344
1680863	60	3298
2105560	60	3287
1760407	60	3240
957458	60	1633
584934	60	1203
734847	60	1023
548429	60	964
1396501	60	941
661927	60	904
567443	60	771
1509476	60	727
526375	60	687
1951660	60	519
2105577	59	3549
1606560	59	3473
2105533	59	3365
773788	59	3285
1774577	59	1465
1217626	59	1158
1774920	59	1134
1141567	59	1028
319613	59	829
829949	59	825
1774399	59	781
1470446	59	606
584695	59	564
867623	59	560
876891	59	537
2183059	59	530
900546	59	413
715432	58	3289
2105505	58	3275
1068374	58	1131
520550	58	1064
2105355	58	1051
1721569	58	1021
1774904	58	885
302573	58	817
704353	58	805
1774491	58	803
2105451	58	802
878427	58	685
1775067	58	678
647245	58	627
680253	58	578
1774657	58	311
2105779	58	289
2105774	58	283
2105498	57	3675
721483	57	3362
2270598	57	3310
952490	57	1460
824062	57	1402
1571055	57	1264
867344	57	942
1862665	57	921
1753540	57	917
2396036	57	818
812350	57	818
1635426	57	729
1774411	57	707
1774415	57	673
2271982	57	654
562991	57	636
1057796	57	619
1775079	57	601
543319	57	568
1154197	57	514
652942	57	510
461796	57	509
1538382	57	457
1774554	57	270
743469	56	4052
2105558	56	3445
2276801	56	3395
1606903	56	1765
450601	56	1456
1857776	56	1297
1412398	56	1165
1653546	56	918
1774978	56	901
820025	56	878
956338	56	765
1775066	56	706
984118	56	620
2421047	56	610
823103	56	551
1774693	56	548
731910	56	340
1774467	55	3661
800050	55	3355
713286	55	3336
589080	55	1156
1532211	55	1075
431940	55	1038
795127	55	1030
1606514	55	969
725378	55	891
480224	55	807
1179203	55	744
959146	55	719
589159	55	718
573219	55	711
859283	55	660
713170	55	657
1774997	55	647
2105418	55	572
388139	55	533
336694	54	1748
1774488	54	1011
271514	54	949
640848	54	941
958332	54	865
159986	54	765
834284	54	754
1774899	54	703
987181	54	632
2335870	54	629
1228143	54	545
694426	54	529
527874	54	521
569607	54	506
1885282	54	492
1775039	53	3348
173735	53	3347
713295	53	3333
757534	53	3332
854043	53	3243
973806	53	2058
553517	53	1174
1131726	53	1121
638372	53	1011
747709	53	994
1670303	53	984
1376715	53	963
238547	53	960
1774690	53	923
724083	53	921
714651	53	921
2314691	53	864
691672	53	802
1495303	53	662
986700	53	648
1366325	53	624
2196146	53	575
725246	53	560
430114	53	540
1951445	53	527
567365	53	297
713231	52	3834
713256	52	3300
1861300	52	1215
1028698	52	1210
1299103	52	948
567113	52	932
859248	52	839
1806034	52	815
725385	52	789
1353845	52	773
945495	52	765
1088214	52	691
665784	52	657
311436	52	558
1168568	52	508
469985	52	499
176418	52	415
2105534	51	3355
1606605	51	3254
2105545	51	3217
2297152	51	1536
713321	51	1216
779664	51	1183
719895	51	1176
484319	51	1033
514058	51	911
1438096	51	893
382699	51	892
1970450	51	820
1774381	51	581
1774605	51	466
2325067	50	3464
713309	50	3354
1760295	50	1350
1774975	50	1341
265704	50	1091
1877603	50	960
1680955	50	929
713271	50	916
745815	50	910
1301909	50	765
1774432	50	758
1774869	50	714
556005	50	712
1090247	50	697
2105765	50	695
1774604	50	688
2185209	50	608
1775093	50	594
349896	50	588
1774750	50	586
1775017	50	571
2105754	50	561
180606	50	532
1253377	50	447
2105785	50	297
2338974	49	3499
713301	49	3420
2105578	49	3307
724716	49	3257
2105513	49	2185
1587979	49	1802
511428	49	1401
753465	49	1168
641533	49	833
1774508	49	797
1220627	49	769
378334	49	732
1760886	49	669
1118765	49	639
529066	49	608
464822	49	605
1059423	49	599
2048706	49	556
622104	49	536
1266747	49	280
1774583	48	2167
556455	48	1577
1567445	48	1473
2262379	48	1026
1287637	48	998
1677178	48	959
1163311	48	927
1607025	48	871
1017423	48	858
2105751	48	785
2383622	48	783
1466721	48	783
1774493	48	726
1885144	48	697
624213	48	669
1340225	48	665
988001	48	647
758241	48	605
725249	48	593
1669504	48	591
831247	48	531
737654	48	521
2371893	48	444
682916	48	319
211715	48	261
753460	47	1191
687580	47	1024
1774375	47	1024
2070702	47	953
507606	47	949
737810	47	936
1575723	47	794
1493781	47	740
1068519	47	712
962511	47	711
1437966	47	647
494024	47	567
1072735	47	566
725251	47	558
1730593	47	535
1127780	47	510
1489843	47	460
625462	47	371
1760464	47	288
669129	46	3298
1606580	46	3293
600770	46	1138
561005	46	995
753468	46	870
2212920	46	869
1850848	46	748
1186181	46	646
1517410	46	435
417894	46	401
1606742	46	313
713274	45	3405
697169	45	1217
1475469	45	1041
1436435	45	985
1774664	45	919
965060	45	856
1690507	45	837
2184473	45	656
712068	45	648
504861	45	637
1045811	45	637
719918	45	596
494307	45	593
665373	45	590
1902736	45	545
2020717	45	531
1170299	45	424
2293423	45	400
1775091	45	391
742373	45	333
755717	44	3300
2105549	44	3228
352858	44	1316
1606694	44	1150
823619	44	1034
1427361	44	1028
2181660	44	925
1952527	44	922
2218292	44	908
2263165	44	858
822542	44	691
1774804	44	683
553403	44	682
2364814	44	641
143395	44	617
685345	44	610
1774485	44	603
1899066	44	590
731095	44	555
2184236	44	547
1775075	44	497
1249672	44	494
1261056	44	458
1775074	44	414
1453161	43	3592
556994	43	3434
713285	43	3340
1606562	43	3264
2020838	43	1168
753461	43	1113
1664175	43	990
2183612	43	905
1885504	43	837
1532881	43	675
1905036	43	651
1870468	43	645
828945	43	645
183705	43	641
685494	43	631
713368	43	562
1760459	43	555
859314	43	520
1774378	43	446
2121652	43	425
1774668	43	367
714506	43	316
1774379	43	284
717000	43	272
2248090	42	1940
346368	42	1276
1223658	42	1262
1883724	42	1166
1080847	42	1121
1725822	42	1041
1774818	42	1022
762776	42	990
1702345	42	927
2330290	42	871
732417	42	781
915144	42	673
761974	42	645
1606505	42	631
1459492	42	611
1067079	42	596
1502106	42	588
682968	42	581
475098	42	580
699200	42	577
1652515	42	525
2261586	42	509
2043422	42	495
694132	42	488
986338	42	404
726952	42	404
944476	42	228
187442	41	3404
524748	41	3338
713280	41	3325
1606591	41	3234
664928	41	1001
664378	41	900
713194	41	870
191800	41	780
1474960	41	704
2105472	41	616
491072	41	608
1774429	41	593
760960	41	556
823692	41	541
762359	41	537
1774555	41	515
2064212	41	496
715693	41	479
1323419	41	411
713263	40	3385
756317	40	3370
277716	40	3329
2105556	40	3263
713283	40	3233
725372	40	1603
713302	40	1116
984976	40	969
1442000	40	921
446623	40	911
2230052	40	902
1920976	40	877
996977	40	816
2254324	40	791
1002651	40	775
559522	40	747
1774387	40	722
1618696	40	720
1774905	40	715
1271715	40	692
1837909	40	632
1402796	40	610
1774620	40	608
689538	40	604
725178	40	581
947924	40	576
727282	40	573
758819	40	567
732123	40	503
1287192	40	459
617028	40	457
1774367	40	450
1811645	40	408
2373482	40	381
767860	40	352
791730	40	257
641540	39	3373
713308	39	3330
1675714	39	3308
472967	39	1236
725384	39	1053
537319	39	1017
990502	39	964
1854672	39	902
430080	39	900
1847599	39	801
1626538	39	774
718812	39	756
1952347	39	702
2176248	39	698
683863	39	674
2411320	39	665
1979307	39	647
2020835	39	645
744851	39	625
545012	39	618
1774481	39	617
2105474	39	598
441389	39	575
538637	39	574
567165	39	573
1774676	39	564
269292	39	537
579133	39	531
824070	39	530
1774933	39	524
466643	39	509
2391014	39	495
789616	39	480
256225	39	472
572721	39	466
1774985	39	434
753437	38	3326
1606586	38	3297
798019	38	3281
2105521	38	3098
502492	38	1022
838519	38	919
1774711	38	906
2020849	38	883
753481	38	882
867356	38	756
1774791	38	741
687507	38	655
175248	38	599
823422	38	597
725243	38	581
2261563	38	572
2173102	38	562
766420	38	556
1774870	38	539
939265	38	503
1677887	38	448
1869896	38	447
1669342	38	421
1684082	38	325
2105557	37	3431
2303333	37	3405
1928736	37	3352
1606578	37	3344
1606695	37	2605
832453	37	1162
753466	37	1156
1478965	37	1102
1470974	37	1079
519646	37	1076
1297745	37	1038
1774704	37	932
1774980	37	900
330170	37	868
536883	37	851
180788	37	823
2139632	37	763
666069	37	728
1978121	37	716
936088	37	708
467864	37	679
1606522	37	614
725255	37	599
2105760	37	584
2179726	37	584
2105761	37	568
1479079	37	529
2105610	37	490
1774547	37	294
1760408	36	3351
716814	36	3302
713243	36	3296
713230	36	3215
1080708	36	1394
859558	36	1200
753462	36	1177
760265	36	1074
1240954	36	741
555865	36	714
744865	36	659
1024055	36	656
520604	36	644
2270216	36	643
1521793	36	631
1030144	36	621
727230	36	586
175499	36	569
588220	36	569
1065733	36	530
1684717	36	449
879842	36	443
674136	36	438
1522533	36	420
735848	36	399
1774385	36	388
2242314	36	355
1843908	36	329
2031608	36	317
729479	36	315
2274594	35	3523
498807	35	3371
699170	35	1428
1035122	35	1355
1774784	35	1123
926768	35	977
1067483	35	822
2146281	35	798
956339	35	738
831193	35	728
463435	35	719
1480460	35	715
1721674	35	589
1231229	35	584
317261	35	555
1234445	35	537
1148199	35	527
718201	35	424
2327543	35	387
724650	34	3388
2105567	34	3269
2105568	34	3219
1606569	34	3190
871200	34	1798
822395	34	1160
1448087	34	1114
725382	34	1113
153383	34	1099
1774662	34	1046
1774860	34	1045
1972687	34	1020
1099892	34	980
1760297	34	916
645217	34	913
1257529	34	684
322553	34	659
1179143	34	654
1523128	34	599
1637522	34	585
625177	34	566
1166592	34	512
561122	34	508
1548943	34	483
1668027	34	463
827696	34	460
149247	34	422
1389455	34	354
1774563	34	325
1775095	34	323
1189202	34	301
1606579	33	3394
2105548	33	3368
2105522	33	3302
356906	33	2522
725381	33	1123
684751	33	1006
2080402	33	957
1774955	33	919
2051654	33	893
298131	33	856
675393	33	740
532607	33	679
672545	33	677
2045334	33	658
1071712	33	652
725312	33	621
1417056	33	613
662251	33	607
1917369	33	601
1655595	33	594
1667593	33	565
730228	33	554
1755547	33	537
760209	33	513
656757	33	503
2263362	33	500
2060035	33	494
1846390	33	477
692214	33	476
569769	33	468
1573093	33	439
1117349	33	396
828688	33	388
713179	33	339
992478	33	307
725396	32	3422
1606577	32	3134
1462912	32	1722
768251	32	1427
1484096	32	1167
1913697	32	1166
209877	32	1041
735618	32	991
2254154	32	943
1760298	32	940
2105365	32	898
1968709	32	884
1089771	32	872
1064167	32	762
2262592	32	719
550949	32	681
824105	32	611
1638948	32	605
1316556	32	601
1928843	32	549
2105773	32	545
880134	32	540
1335352	32	529
1490534	32	529
2237658	32	498
1567622	32	449
556014	32	403
1775069	32	393
1791089	32	292
493573	32	237
834927	32	236
713652	32	218
725397	31	3359
214248	31	3294
713261	31	3293
713245	31	3230
1885404	31	923
729202	31	890
699036	31	706
806907	31	691
715457	31	629
698890	31	622
725262	31	586
1168391	31	576
1152596	31	574
691294	31	535
970997	31	524
740100	31	523
1309579	31	521
626836	31	519
2066038	31	479
579456	31	476
866442	31	469
379334	31	458
1532479	31	456
725263	31	455
452313	31	410
1221518	31	406
157939	31	394
1774441	31	348
949357	31	292
2105594	30	3391
1606582	30	3381
753459	30	1187
1485345	30	1004
1774964	30	855
1812315	30	778
762419	30	732
725346	30	701
351933	30	626
536492	30	620
231167	30	582
1161158	30	547
2308915	30	546
600022	30	546
1254467	30	543
516069	30	520
2326675	30	513
664193	30	498
2040334	30	497
2234485	30	493
1354275	30	462
629725	30	404
1847551	30	400
1462686	30	378
798860	30	370
737741	30	356
1606895	30	336
674990	30	317
790923	30	307
698849	30	298
1998387	30	263
725230	30	181
1606563	29	3374
1606621	29	3325
1606705	29	1119
828785	29	940
863644	29	890
725365	29	867
112748	29	691
770977	29	687
1058384	29	652
526312	29	594
721561	29	587
1327363	29	582
1890624	29	571
933438	29	545
1542395	29	539
407140	29	535
562573	29	529
2395328	29	520
2355368	29	518
507317	29	512
1774403	29	486
1872273	29	482
730995	29	459
868234	29	454
734448	29	433
1774564	29	429
2157871	29	408
843788	29	302
1538186	29	294
692200	28	3365
1857575	28	988
1558666	28	937
713171	28	879
661848	28	844
692457	28	751
687472	28	692
1099774	28	677
938126	28	662
1290709	28	653
596301	28	495
725047	28	484
1951131	28	469
613634	28	469
457740	28	463
992006	28	463
1631199	28	461
604362	28	457
867386	28	455
713144	28	454
917576	28	453
1205380	28	448
773930	28	441
1344892	28	435
1761886	28	432
996932	28	432
1225064	28	390
2014362	28	384
721056	28	383
1775081	28	356
2105491	28	339
846166	28	337
1060571	28	326
955328	28	306
559826	28	291
825462	28	270
830948	28	248
2025724	27	979
1774643	27	976
738299	27	949
2105368	27	921
2105348	27	912
773921	27	901
1172166	27	900
725370	27	877
753467	27	876
2116025	27	791
781301	27	785
2115796	27	716
664045	27	613
1858387	27	598
1775068	27	595
1446996	27	560
810627	27	550
1467032	27	546
2100111	27	509
2341137	27	506
1454156	27	493
2105471	27	477
1606539	27	463
1606500	27	457
433017	27	447
664733	27	438
1774421	27	435
719326	27	425
732172	27	420
2127820	27	363
1405580	27	359
1774426	27	351
676443	27	349
824268	27	340
1863284	27	337
746890	27	331
1774840	27	323
717058	27	304
747147	27	300
988116	27	295
1774390	27	292
1774428	27	292
560301	27	252
235121	27	124
693953	26	1171
1716563	26	984
773992	26	927
713168	26	926
795261	26	917
1812194	26	906
999315	26	887
642764	26	881
2105440	26	753
2105700	26	617
662168	26	545
727923	26	509
2131593	26	497
1342783	26	487
622638	26	486
2352605	26	476
1216565	26	467
1764527	26	437
1522504	26	431
2084511	26	425
713172	26	417
2095435	26	406
2096279	26	394
1774376	26	349
713317	26	346
1774634	26	302
2105396	26	226
801073	26	164
1774825	25	948
2105361	25	904
977504	25	868
485112	25	851
1307403	25	785
1401553	25	628
1454341	25	614
1974127	25	602
1486911	25	598
470687	25	595
1378838	25	588
1606407	25	561
957834	25	556
1217644	25	549
773961	25	538
1774407	25	520
711560	25	508
718892	25	497
2105416	25	489
810025	25	480
689662	25	478
879841	25	464
663764	25	457
1298125	25	450
774002	25	424
2263615	25	381
2205997	25	371
1182479	25	351
2160127	25	347
2293201	25	338
1916051	25	323
672382	25	290
641578	25	283
1836226	25	268
641869	25	260
1436814	25	210
912986	24	3337
741025	24	1004
649321	24	951
638765	24	919
2275262	24	914
505988	24	834
2185830	24	617
603479	24	603
652363	24	575
938237	24	561
822915	24	509
1644535	24	497
854350	24	493
1760284	24	490
636334	24	482
803292	24	469
1285309	24	463
825827	24	463
725293	24	458
1079358	24	454
810280	24	448
536144	24	447
794848	24	446
760791	24	434
2228789	24	387
1280286	24	383
2163190	24	378
2096618	24	361
1249395	24	351
1302596	24	346
918317	24	346
2165886	24	338
1774926	24	317
220384	24	308
366284	24	302
2105688	24	275
713329	24	275
1774873	24	190
626644	24	181
615361	24	164
1571627	23	1156
772473	23	1040
1587261	23	973
729909	23	900
2105358	23	868
1204103	23	841
1870976	23	684
1043652	23	683
1984685	23	682
1081943	23	611
994814	23	606
601528	23	600
220317	23	595
1471526	23	593
1732351	23	590
725260	23	553
1198053	23	549
760486	23	545
725306	23	526
1760186	23	520
795474	23	516
211972	23	513
715141	23	509
822122	23	491
558976	23	489
758361	23	487
1606628	23	481
651895	23	465
1614010	23	463
707710	23	456
725269	23	422
1806054	23	416
1955403	23	392
2266115	23	380
1370035	23	372
718081	23	366
2208170	23	350
2093346	23	345
2078789	23	332
560327	23	327
2105369	23	323
1606896	23	318
1584168	23	318
909972	23	317
624176	23	312
1842638	23	309
699198	23	302
2105392	23	301
1160023	23	295
645166	23	288
1774898	23	248
729709	23	247
2105737	23	196
770126	23	145
1775103	23	131
767715	23	112
859543	23	104
1606585	22	3335
2348745	22	2228
691423	22	1202
2077568	22	1169
1033911	22	1058
1760299	22	934
2298669	22	922
1775031	22	887
1774368	22	718
387524	22	695
268415	22	632
396976	22	608
1246957	22	581
1835821	22	559
1015768	22	546
1679515	22	545
283102	22	537
924182	22	533
636485	22	530
762290	22	525
761795	22	522
698998	22	521
732167	22	515
588757	22	500
1655397	22	497
1006355	22	484
1257713	22	484
2404502	22	478
1606616	22	471
1950089	22	470
725394	22	469
729175	22	463
1928701	22	451
713206	22	435
1774841	22	431
2134156	22	426
1018599	22	423
941852	22	419
2105791	22	415
1859931	22	397
133610	22	340
829830	22	336
646005	22	332
713174	22	322
1311815	22	310
441463	22	304
1775072	22	304
1928662	22	303
1270003	22	300
1206447	22	278
524778	22	191
1760489	22	188
2231733	22	163
1606704	21	1199
2209159	21	890
1818677	21	887
875246	21	886
587249	21	885
731145	21	785
1185469	21	731
1928684	21	657
1726684	21	594
146946	21	583
2363466	21	523
1165804	21	521
654191	21	521
723841	21	519
650328	21	519
467096	21	514
1760650	21	503
544083	21	494
713202	21	493
750335	21	492
2223839	21	492
2243076	21	490
794555	21	468
660059	21	464
2105695	21	462
2105682	21	425
1774991	21	424
1328027	21	406
1774377	21	395
1266564	21	373
745850	21	373
496611	21	367
1508688	21	347
1080710	21	337
435096	21	336
1492109	21	331
2251153	21	318
515293	21	314
713175	21	297
1775064	21	297
1353241	21	291
2088292	21	267
658221	21	234
716572	21	226
1928721	21	210
133671	21	97
1606555	20	1251
873750	20	956
364616	20	910
1774971	20	896
2176514	20	887
767959	20	873
1644290	20	851
930953	20	743
1444689	20	695
1414792	20	655
2021907	20	652
1006631	20	642
1800230	20	640
571331	20	634
638409	20	608
952018	20	574
658726	20	563
1855867	20	549
741994	20	527
1706429	20	511
934422	20	509
826237	20	500
1886180	20	466
670466	20	466
726298	20	465
2263467	20	463
801582	20	447
589607	20	447
2099141	20	444
343153	20	435
709897	20	428
614547	20	425
1858036	20	423
522419	20	422
815015	20	419
1425206	20	416
1774513	20	414
1806673	20	408
1228263	20	384
1045908	20	381
823537	20	375
1708380	20	374
706918	20	374
1760511	20	372
762997	20	367
2080886	20	360
1774982	20	353
1586528	20	353
1062993	20	352
172657	20	350
1072010	20	340
813893	20	334
2115602	20	321
1972114	20	318
493336	20	314
743882	20	309
1967016	20	299
1869426	20	275
600123	20	264
1774716	20	252
765331	20	235
1986200	20	168
562448	20	124
1435567	19	1002
1128964	19	978
2105360	19	949
1782060	19	807
645014	19	687
1156422	19	630
693216	19	622
727031	19	604
737628	19	567
1400172	19	550
1357246	19	537
1598800	19	499
741499	19	494
765236	19	492
665912	19	489
1959203	19	483
712933	19	480
2105609	19	476
679458	19	474
645969	19	474
2310304	19	469
2017271	19	467
613790	19	466
655889	19	465
773903	19	464
2105612	19	451
1971111	19	448
1846387	19	446
725273	19	427
2066902	19	422
2105452	19	420
2342020	19	408
2010065	19	394
928185	19	392
731501	19	382
1328126	19	366
873607	19	354
1700651	19	351
2335876	19	347
2043221	19	335
1677997	19	332
1774419	19	332
459042	19	331
1774420	19	314
1928648	19	312
750115	19	310
1922814	19	310
349075	19	292
1332246	19	291
1841167	19	289
813604	19	281
2214415	19	281
668452	19	255
1001365	19	253
2105330	19	249
1104222	19	217
1774472	19	162
624223	19	126
725133	18	1306
1666308	18	898
2105359	18	892
741984	18	757
2206442	18	676
865622	18	596
692475	18	595
699218	18	565
1826949	18	547
2105382	18	543
584437	18	541
1389548	18	536
1576511	18	530
867028	18	530
787132	18	530
1264453	18	511
1315294	18	499
942398	18	498
1340755	18	489
791341	18	477
2105616	18	473
689585	18	468
1659921	18	466
1314951	18	462
831846	18	458
698557	18	456
2105732	18	453
728464	18	448
812148	18	448
1774392	18	448
2105623	18	447
1561031	18	443
1839845	18	439
1928681	18	429
640311	18	428
1636443	18	427
918530	18	404
1150315	18	397
1336114	18	390
516024	18	390
1163932	18	380
1424448	18	370
1252336	18	366
2036258	18	361
1119040	18	357
1662008	18	351
1475414	18	337
744774	18	331
626972	18	330
1774391	18	326
1073754	18	317
1507424	18	314
1774396	18	295
2009323	18	293
2151498	18	291
692657	18	278
823152	18	276
725366	18	271
558784	18	262
645670	18	167
1528902	18	147
1928761	18	141
1760644	18	122
725369	17	968
2105363	17	936
745065	17	830
725327	17	538
792088	17	510
1606509	17	501
562929	17	500
1702669	17	498
766271	17	495
378170	17	490
630101	17	472
1606516	17	471
687164	17	466
783875	17	464
619411	17	457
665826	17	455
1527832	17	450
705502	17	436
1703830	17	434
767826	17	430
1608465	17	423
713140	17	414
1928788	17	385
1114645	17	377
1066339	17	376
287732	17	348
2105783	17	344
1047364	17	342
827491	17	340
1606498	17	327
2229459	17	319
1268512	17	316
1629875	17	316
1928642	17	313
958621	17	311
1774875	17	311
2032935	17	305
252755	17	296
558829	17	295
1774401	17	292
2117617	17	284
915665	17	244
871281	17	225
662187	17	225
1771150	17	184
1220413	17	184
1111217	16	923
1337640	16	887
721705	16	884
540486	16	866
387491	16	727
1746887	16	722
427129	16	697
309918	16	691
205968	16	680
724984	16	609
735905	16	567
1700274	16	509
2105769	16	495
2105428	16	494
725257	16	494
594401	16	493
1928660	16	489
2103776	16	488
725278	16	485
725276	16	481
708904	16	478
619081	16	473
725272	16	469
795040	16	467
755192	16	467
418308	16	466
693217	16	465
1137428	16	451
2046927	16	442
725275	16	441
1072724	16	418
1317410	16	415
2137898	16	404
1325904	16	403
824192	16	376
1785334	16	375
1864356	16	373
1760576	16	372
1402451	16	364
1418620	16	362
1016888	16	354
1320969	16	349
1610922	16	341
1325284	16	335
553717	16	334
1028356	16	330
820570	16	324
678377	16	321
376088	16	318
2105685	16	318
1853999	16	317
2204273	16	311
1606894	16	307
1826374	16	305
1208287	16	300
2282732	16	299
850058	16	297
2314530	16	297
1774366	16	293
2069807	16	293
867559	16	292
1928757	16	292
753054	16	279
1775083	16	275
1774383	16	272
1606711	16	270
753483	16	261
724839	16	252
709555	16	250
1793885	16	241
586452	16	209
111257	16	205
1469140	16	178
1606614	16	165
1606667	16	140
1928714	16	140
586733	16	134
1479193	16	120
1606706	15	1152
1627047	15	1094
716777	15	1087
1760303	15	962
768106	15	932
1774709	15	928
1774827	15	921
827824	15	902
1530549	15	660
919726	15	632
2319327	15	617
1675349	15	570
664253	15	551
112081	15	520
731386	15	493
2131510	15	481
765432	15	480
1886187	15	476
1882195	15	472
727028	15	468
888448	15	462
1195901	15	457
732010	15	452
1308423	15	441
2000934	15	432
727225	15	431
879376	15	418
2045232	15	413
1492005	15	405
1606535	15	405
2346969	15	390
1341160	15	388
738703	15	387
1561395	15	383
993513	15	377
615465	15	377
1280127	15	367
786025	15	349
2126685	15	339
1633595	15	335
767152	15	331
1875887	15	330
835878	15	330
879237	15	328
1640778	15	328
1745735	15	323
1906606	15	319
1827478	15	318
2346328	15	312
559768	15	311
865793	15	310
446548	15	309
1430613	15	301
1841699	15	298
387492	15	297
985129	15	296
824040	15	295
1774572	15	294
279783	15	278
1343229	15	277
1514153	15	271
1774752	15	261
743322	15	214
302262	15	208
2105374	15	196
725309	15	172
1774877	15	169
1910425	15	155
2214638	15	113
2412489	15	99
694365	15	90
780872	14	956
2105364	14	929
1091759	14	924
1606528	14	923
741981	14	890
662126	14	881
1096508	14	881
663841	14	878
2222954	14	535
857174	14	513
1729238	14	505
2105605	14	490
725274	14	488
819207	14	486
725277	14	481
820109	14	474
471877	14	466
803741	14	465
1131691	14	464
2262157	14	461
741504	14	454
1068575	14	452
2105624	14	447
664107	14	443
2251706	14	409
704643	14	383
515957	14	365
1584446	14	362
753055	14	359
1774435	14	357
1426295	14	348
1660149	14	338
1606738	14	335
1852578	14	334
779979	14	331
1349825	14	314
1775566	14	314
2319943	14	312
713178	14	312
1760394	14	308
1863244	14	308
1207264	14	307
667806	14	304
1312293	14	303
645551	14	296
556837	14	295
501183	14	294
340700	14	294
810519	14	287
1606457	14	286
1644868	14	283
1282791	14	281
728846	14	279
2103981	14	279
757617	14	275
725279	14	266
742599	14	235
456697	14	229
1228282	14	206
2085565	14	204
1398778	14	175
647215	14	163
1606466	14	161
791116	14	145
1928713	14	141
696993	14	96
1672188	14	77
2021199	13	896
753469	13	792
1885397	13	669
2068944	13	632
2275444	13	593
1451229	13	513
1459407	13	510
626361	13	508
2420991	13	498
1928659	13	493
2105622	13	481
1414059	13	478
729703	13	472
762612	13	457
2066034	13	455
1891807	13	453
595725	13	429
731229	13	418
1259696	13	408
1220673	13	408
1059461	13	363
1761008	13	361
2167067	13	356
265887	13	350
1981993	13	347
2374254	13	346
1612805	13	346
1760685	13	341
588638	13	323
1939130	13	321
713273	13	320
681031	13	314
2322554	13	313
1055699	13	310
1430062	13	310
1606545	13	310
2012075	13	309
2373006	13	305
1650339	13	304
713193	13	302
1181372	13	291
1469003	13	291
494937	13	290
1689013	13	289
1459539	13	282
634308	13	278
753458	13	179
1775053	13	152
741536	13	119
1492989	13	117
265834	13	85
1504100	13	85
1058168	13	81
1609357	13	74
1606675	12	961
1601673	12	891
890504	12	885
744838	12	654
952936	12	626
2268336	12	577
2105608	12	474
767723	12	464
2105625	12	461
817812	12	460
725282	12	458
2225474	12	449
714108	12	442
627187	12	440
461510	12	428
1774517	12	417
2227995	12	412
1276247	12	370
724553	12	356
1086988	12	347
922074	12	345
1655545	12	340
1622557	12	338
1986501	12	337
1925967	12	334
1905863	12	324
1561873	12	324
1444943	12	324
1838980	12	322
1774372	12	322
910228	12	318
820994	12	316
1774915	12	314
2059619	12	312
693057	12	311
713177	12	311
2061482	12	311
646904	12	309
713176	12	308
1775080	12	303
1546174	12	302
2121413	12	296
1014439	12	293
736436	12	290
718972	12	289
548942	12	289
428008	12	244
727064	12	221
727097	12	177
867488	12	163
859553	12	150
456199	12	141
731913	12	140
1792532	12	135
1773090	12	118
1775065	12	88
400131	12	65
2105677	12	54
1113351	11	911
1775034	11	848
991332	11	601
2105628	11	524
760286	11	515
701334	11	495
724454	11	494
2190012	11	489
2105618	11	485
625301	11	478
827615	11	478
646038	11	475
2105621	11	469
433058	11	464
646387	11	457
561641	11	440
713215	11	430
867537	11	428
1046570	11	425
2170332	11	395
2348109	11	392
1420661	11	385
1774942	11	366
1148208	11	365
1075115	11	348
710341	11	346
1856700	11	342
680411	11	340
1637692	11	337
2078461	11	328
999819	11	312
558964	11	312
1631365	11	309
1284412	11	306
1342261	11	306
506308	11	302
791068	11	302
735301	11	300
2105772	11	299
987551	11	297
175969	11	294
1367004	11	293
441372	11	291
351561	11	290
1240316	11	288
699048	11	285
643400	11	273
1420303	11	262
766050	11	255
1606913	11	253
1349032	11	252
849666	11	251
1774528	11	250
1085171	11	248
1209685	11	242
724899	11	228
1986771	11	225
2105767	11	189
733114	11	118
725233	11	117
1858646	11	112
1774715	11	108
1336117	11	58
535171	11	45
388526	11	33
2025677	10	902
753470	10	887
961011	10	509
629621	10	504
1228738	10	501
550950	10	499
509012	10	484
1933894	10	478
727051	10	468
1637353	10	466
1751835	10	465
799091	10	451
1014497	10	439
2105627	10	439
733639	10	437
2206198	10	408
1081951	10	406
1048899	10	378
676608	10	370
732350	10	363
1423489	10	360
235340	10	357
1532502	10	349
1486543	10	343
1393057	10	331
903553	10	328
1609544	10	326
1806442	10	325
1350516	10	324
348704	10	320
2001091	10	318
2263991	10	317
2344968	10	310
1775082	10	310
1047439	10	309
557926	10	306
1199420	10	305
662303	10	301
2195260	10	296
1760513	10	294
1437980	10	294
1398927	10	292
449660	10	289
1124504	10	287
1054844	10	285
2298371	10	285
881843	10	271
1774531	10	230
2083899	10	204
1774518	10	174
1774499	10	161
100481	10	158
762771	10	139
1928762	10	133
742143	10	127
1422007	10	124
645349	10	103
2105479	10	93
2105675	10	90
536477	10	77
100798	10	69
628813	9	931
1127689	9	891
1582648	9	878
229899	9	861
1653534	9	526
1204880	9	495
852249	9	487
1934677	9	486
2185527	9	476
728713	9	469
853581	9	468
2105346	9	449
760205	9	448
837728	9	436
1462331	9	433
1413412	9	387
1286130	9	379
886567	9	375
1275881	9	375
854929	9	372
2215127	9	371
2284689	9	349
2105787	9	335
1750439	9	331
1022723	9	329
838389	9	327
1841875	9	321
696217	9	317
1808319	9	317
1067816	9	315
312073	9	311
1556535	9	308
1980558	9	307
1279656	9	303
688279	9	303
1407012	9	302
225560	9	299
909186	9	298
1113282	9	288
1760306	9	287
2122019	9	280
372637	9	280
859208	9	278
1717401	9	275
770409	9	275
1400867	9	275
1452271	9	271
1713394	9	260
2105329	9	260
1774697	9	221
726986	9	187
682945	9	182
1023480	9	159
741192	9	153
2356535	9	148
1441157	9	147
1847260	9	143
892606	9	113
781243	9	111
764662	9	105
468543	9	100
1606464	9	93
554507	9	78
1451363	9	53
710776	9	45
1760583	9	39
692521	9	33
1083236	8	780
645167	8	478
687266	8	464
2105626	8	433
1486494	8	423
704781	8	405
997477	8	403
1965350	8	339
1351385	8	336
1211919	8	335
1429842	8	328
1774409	8	328
1833786	8	327
760646	8	327
1445186	8	315
752839	8	315
101266	8	312
979685	8	311
462252	8	307
365441	8	307
725398	8	304
1164639	8	298
1196981	8	297
174029	8	297
663723	8	295
725368	8	294
1500495	8	293
763146	8	292
1070428	8	288
596691	8	287
1690500	8	287
1576446	8	284
2105771	8	278
1320144	8	275
735689	8	274
1760891	8	266
511573	8	262
758476	8	215
652730	8	203
799654	8	203
740145	8	195
1877715	8	193
724085	8	192
702772	8	189
1808994	8	157
1144924	8	134
1737614	8	123
586487	8	99
927476	8	75
581502	8	75
1760474	8	72
563022	8	69
694655	8	62
729370	7	579
689601	7	487
1221586	7	461
601780	7	455
940625	7	400
1774945	7	384
1537126	7	331
1254348	7	328
1774932	7	328
1774858	7	322
112927	7	319
225539	7	317
1035794	7	315
1960739	7	314
605687	7	313
2115608	7	312
1869217	7	311
1654319	7	307
1416031	7	306
1115692	7	304
1931188	7	298
1027490	7	296
2258806	7	296
2105436	7	294
2172062	7	289
1547945	7	287
1724730	7	285
620179	7	284
558908	7	279
1971669	7	276
612515	7	276
762385	7	273
1138574	7	269
1889250	7	253
1267014	7	231
686554	7	205
1143264	7	184
797748	7	177
847292	7	164
1232771	7	139
804684	7	133
2105720	7	123
1933566	7	122
1928653	7	119
531420	7	114
969504	7	112
1840274	7	91
761794	7	89
1530683	7	80
662422	7	80
859299	7	75
742637	7	73
1760488	7	70
1774908	7	50
321028	7	48
1749100	7	40
1774896	7	36
726091	7	34
754270	7	33
691730	7	30
741528	7	24
726215	6	480
2105607	6	460
1108883	6	452
709345	6	389
126875	6	355
1239302	6	354
1852885	6	353
690494	6	350
2021190	6	348
2309042	6	344
2022288	6	333
1164518	6	322
1468045	6	316
2166330	6	316
1947173	6	315
310960	6	314
2200686	6	313
1856592	6	312
491448	6	312
901244	6	312
768772	6	310
1683560	6	310
1046611	6	309
1774524	6	308
1876298	6	307
1459315	6	307
713323	6	305
728229	6	304
1025903	6	304
699531	6	303
829774	6	303
556611	6	303
819995	6	301
706174	6	301
2022191	6	299
2052060	6	299
1112376	6	295
874827	6	294
1952860	6	293
159702	6	291
1907556	6	287
1513788	6	287
1408592	6	253
1930144	6	201
2000913	6	155
742173	6	138
303086	6	133
206598	6	133
867114	6	131
1760584	6	117
725338	6	116
564639	6	108
1774884	6	100
522273	6	98
834539	6	78
1835138	6	73
297046	6	65
759698	6	62
2239689	6	59
734025	6	58
608760	6	52
221723	6	45
1480745	6	43
667033	6	43
716193	6	43
765044	6	41
1886188	6	41
716735	6	40
1774988	6	39
2105678	6	31
556897	6	21
624092	6	21
2059680	6	20
2105500	5	965
996200	5	900
828497	5	612
720013	5	473
1409408	5	451
1581073	5	445
763324	5	443
1196289	5	423
1565059	5	405
598054	5	400
1655124	5	381
833122	5	367
365080	5	358
1292709	5	357
2091767	5	355
1862411	5	333
1229011	5	330
962531	5	326
1249630	5	326
258523	5	324
947023	5	323
665886	5	319
1909969	5	316
1198414	5	316
1287778	5	316
1178020	5	314
1409245	5	313
570408	5	310
1398786	5	308
1518900	5	308
1499900	5	307
2215215	5	307
1959228	5	305
1063116	5	303
653402	5	302
1770508	5	301
1450331	5	295
1774512	5	295
594797	5	294
979367	5	294
890400	5	294
1060230	5	292
1645883	5	284
2086478	5	271
1994095	5	269
2112936	5	266
1238790	5	266
1774510	5	227
662183	5	193
1464942	5	191
758278	5	189
2090382	5	184
687089	5	183
1708678	5	145
2042505	5	127
2038546	5	111
406142	5	99
2036107	5	97
1893473	5	97
2105748	5	96
1928763	5	86
2139143	5	75
1774400	5	75
564845	5	71
2131319	5	69
662203	5	66
404624	5	60
1774829	5	57
2105373	5	54
2261352	5	52
861503	5	45
1674609	5	43
1774892	5	40
1774749	5	39
606004	5	38
1774742	5	38
823179	5	34
1928707	5	32
304240	5	31
2254653	5	31
1057806	5	30
2335866	5	28
1530863	5	17
2073812	4	921
325332	4	819
743935	4	523
1423362	4	521
1795203	4	404
1363961	4	403
739974	4	351
1304121	4	345
1250388	4	343
1336643	4	343
1095844	4	333
577336	4	333
1358516	4	325
867152	4	318
1016024	4	317
2105327	4	316
1735527	4	314
1842239	4	313
1386338	4	311
1503535	4	311
1187315	4	310
984007	4	309
412070	4	309
1857022	4	306
749206	4	305
1919167	4	301
1928758	4	301
667151	4	301
962950	4	301
960755	4	299
1311084	4	299
1882594	4	298
834582	4	297
1454627	4	292
1641387	4	292
1750821	4	291
2352253	4	289
1347929	4	286
1227268	4	285
1835213	4	283
922446	4	283
733579	4	281
644995	4	280
1736985	4	277
626146	4	273
1851170	4	273
2119061	4	227
725271	4	186
1895382	4	171
1048438	4	166
1606502	4	132
1727694	4	131
1679277	4	127
1891549	4	113
1109662	4	98
688280	4	86
763088	4	85
824180	4	83
1045242	4	83
208928	4	82
771801	4	69
694696	4	65
724392	4	61
811595	4	60
703415	4	54
2046748	4	53
1774902	4	52
645115	4	46
1217273	4	44
717148	4	43
466691	4	38
645046	4	38
824701	4	30
1606479	4	29
584297	4	27
725300	4	22
1774882	4	17
2105738	4	17
758769	4	15
1774890	4	14
1153412	3	394
1072849	3	337
1432727	3	330
214886	3	327
1481669	3	323
1296341	3	323
1563645	3	322
907115	3	321
1751413	3	321
1960014	3	321
2173755	3	319
1540241	3	319
1905750	3	317
1458496	3	317
792473	3	314
641379	3	312
1027436	3	312
713272	3	311
2208055	3	310
1467999	3	309
215397	3	309
1538258	3	308
230263	3	306
500720	3	306
394131	3	304
1476521	3	303
2084804	3	302
1478493	3	302
1972281	3	300
2247165	3	297
935502	3	296
429454	3	295
1891070	3	294
156808	3	293
787511	3	291
563326	3	290
870062	3	289
1164270	3	283
2265067	3	203
725081	3	162
1039773	3	161
1616722	3	115
851441	3	104
642943	3	103
813663	3	101
1846960	3	100
704053	3	100
1872028	3	92
1582490	3	86
1047171	3	86
1763334	3	86
1161055	3	82
1708874	3	81
1774903	3	81
2401335	3	80
573391	3	78
488012	3	77
1259607	3	72
1760335	3	70
849963	3	66
1279672	3	66
644805	3	63
1713171	3	62
789029	3	60
527975	3	56
825213	3	56
760711	3	50
1606467	3	48
741614	3	47
699310	3	47
1774549	3	46
1606723	3	44
1812620	3	44
867610	3	44
1774398	3	41
714928	3	39
675599	3	38
626918	3	35
576364	3	35
1774646	3	35
2235401	3	29
794823	3	28
717006	3	27
1928654	3	25
2233032	3	25
1774590	3	23
713197	3	22
430194	3	21
665807	3	19
668597	3	18
2163905	3	17
459321	3	16
837821	3	16
716836	3	15
624447	3	11
1977443	2	368
536810	2	350
743280	2	339
839114	2	336
112413	2	325
1878038	2	318
744449	2	316
2386675	2	310
1124740	2	309
260781	2	306
1663541	2	304
879611	2	301
2081812	2	301
2247564	2	300
1328405	2	300
167879	2	299
1881825	2	299
1498208	2	298
1760974	2	297
2105789	2	295
792369	2	294
1007320	2	287
507151	2	285
978039	2	274
864254	2	263
631911	2	213
441399	2	156
1711567	2	147
2133768	2	139
862045	2	138
2414288	2	126
364622	2	104
1871807	2	91
725360	2	87
1928679	2	79
1565093	2	76
967585	2	74
817219	2	71
1034925	2	66
684792	2	65
2105687	2	64
1070115	2	64
601927	2	61
428168	2	58
1070564	2	55
2055041	2	54
800466	2	54
258955	2	47
1165554	2	46
1243046	2	45
823158	2	45
753441	2	43
889408	2	43
1396262	2	42
706785	2	42
793310	2	41
1774740	2	40
2105793	2	40
690004	2	39
853399	2	38
760924	2	35
1928650	2	32
2384327	2	30
1336093	2	28
741661	2	27
2028908	2	26
686266	2	25
724522	2	23
687853	2	23
734988	2	22
645107	2	21
837390	2	19
415720	2	19
724479	2	18
547838	2	16
1891548	2	14
754318	2	13
386659	2	13
1539748	2	12
709499	2	11
422002	2	10
725137	2	9
815535	2	8
1853035	2	8
611359	2	8
1128889	2	8
725141	2	7
1891551	2	5
683656	2	5
732816	2	2
2066014	2	2
723965	1	351
1150062	1	306
2044429	1	305
1043767	1	304
2418954	1	300
1075963	1	299
1607629	1	284
1544220	1	283
1701893	1	277
1763511	1	273
762734	1	173
520654	1	160
2401968	1	148
755932	1	143
421240	1	141
1000359	1	141
619513	1	129
694256	1	123
567244	1	88
2105450	1	78
1128389	1	75
861875	1	60
867175	1	55
724073	1	53
1699635	1	48
2284178	1	42
725268	1	41
2105420	1	36
762399	1	35
587388	1	33
867141	1	33
867355	1	33
817027	1	32
1495464	1	32
1709908	1	31
736826	1	31
1774747	1	31
682914	1	30
664120	1	27
1897564	1	26
1909926	1	26
2049986	1	26
725340	1	25
383597	1	25
663520	1	22
572419	1	21
699134	1	21
732122	1	21
808108	1	17
1775052	1	17
1774911	1	16
713318	1	15
1904883	1	15
511620	1	15
1606501	1	15
659260	1	14
1774543	1	13
824534	1	13
1551983	1	11
131085	1	11
2295293	1	11
773774	1	10
665552	1	10
1809766	1	9
760627	1	8
1760450	1	8
706570	1	8
405018	1	8
725283	1	8
817600	1	7
1643249	1	7
791072	1	7
1760436	1	7
685526	1	6
552531	1	6
639589	1	6
830697	1	6
1774573	1	5
644696	1	5
822692	1	5
621382	1	5
706754	1	5
759737	1	5
1774476	1	5
1874867	1	4
737080	1	4
1629200	1	4
1203867	1	4
288600	1	4
2076371	1	4
2300325	1	4
689948	1	4
550906	1	3
727012	1	3
538938	1	3
725298	1	2
1907634	1	2
724879	1	2
724674	1	1
660714	1	1
432741	1	1
557821	1	1
725248	1	1
2412138	1	1
2066013	1	1
760801	1	1
588368	1	1
624905	1	1
1525530	0	306
1774582	0	201
1255563	0	85
1928703	0	76
863738	0	72
2065448	0	68
357072	0	39
1774655	0	37
2101173	0	36
1293394	0	34
1565050	0	34
1081418	0	31
527985	0	28
562904	0	27
2179645	0	24
1760342	0	23
760854	0	21
762371	0	21
1057786	0	20
108614	0	20
686463	0	19
865945	0	19
2105725	0	18
725254	0	18
1928649	0	18
560323	0	17
1606637	0	16
2263018	0	15
764200	0	14
267383	0	14
1851366	0	13
657317	0	13
1274493	0	12
644658	0	12
710095	0	12
725404	0	11
867483	0	11
616041	0	11
774927	0	10
896231	0	10
662295	0	10
808499	0	9
763411	0	9
627557	0	9
724869	0	8
2041927	0	8
823488	0	8
860202	0	8
843624	0	7
819680	0	7
813070	0	7
1409277	0	7
823399	0	7
690304	0	7
2105425	0	7
1606729	0	7
2187515	0	6
857016	0	6
692704	0	6
1877714	0	6
2178298	0	6
678174	0	6
288149	0	6
741486	0	6
1763159	0	5
716968	0	5
754875	0	5
800560	0	5
598354	0	5
2105788	0	5
2105723	0	5
2266234	0	5
622492	0	5
1603542	0	5
471868	0	4
727304	0	4
651568	0	4
714630	0	4
546535	0	4
1774864	0	4
726956	0	4
1886185	0	4
732360	0	3
703860	0	3
1762038	0	3
862829	0	3
644671	0	3
1760333	0	3
640903	0	3
560723	0	3
2105611	0	3
611666	0	3
1565479	0	3
2217379	0	3
741465	0	3
2179325	0	3
741365	0	3
682887	0	3
757105	0	3
652218	0	3
834132	0	3
795437	0	3
729665	0	2
1606506	0	2
724632	0	2
696020	0	2
1606686	0	2
665695	0	2
900815	0	2
476945	0	2
1777940	0	2
738479	0	2
740907	0	2
2066022	0	2
645198	0	2
859139	0	2
694688	0	2
1732982	0	2
1745966	0	2
725084	0	2
1891544	0	2
1882163	0	2
737415	0	2
824005	0	2
1759001	0	1
295410	0	1
562423	0	1
406999	0	1
1760312	0	1
145185	0	1
1606891	0	1
1891550	0	1
699107	0	1
281923	0	1
736040	0	1
2105676	0	1
1774981	0	1
1774779	0	1
1774574	0	1
1760348	0	1
572325	0	1
2105399	0	1
739707	0	1
676979	0	1
340762	0	1
481684	0	1
707391	0	1
2420111	0	1
567090	0	1
1606897	0	1
727310	0	1
554606	0	1
707463	0	1
462116	0	1
1914984	0	1
646185	0	1
2105406	0	1
692794	0	1
463480	0	1
1558942	0	1
983884	0	1
702914	0	1
2105427	0	1
776325	0	1